[
    {
        "contributors_enabled": false, 
        "created_at": "Wed Jun 25 19:26:22 +0000 2014", 
        "default_profile": true, 
        "default_profile_image": false, 
        "description": "Based on the best-selling novel by Emma Donoghue. Directed by Lenny Abrahamson, and starring Brie Larson, Jacob Tremblay, Joan Allen. Now Playing.", 
        "entities": {
            "description": {
                "urls": []
            }, 
            "url": {
                "urls": [
                    {
                        "display_url": "tickets.roomthemovie.com", 
                        "expanded_url": "http://tickets.roomthemovie.com/", 
                        "indices": [
                            0, 
                            22
                        ], 
                        "url": "http://t.co/I1iJasylMk"
                    }
                ]
            }
        }, 
        "favourites_count": 839, 
        "follow_request_sent": false, 
        "followers_count": 5664, 
        "following": false, 
        "friends_count": 20, 
        "geo_enabled": false, 
        "has_extended_profile": false, 
        "id": 2641563910, 
        "id_str": "2641563910", 
        "is_translation_enabled": false, 
        "is_translator": false, 
        "lang": "en", 
        "listed_count": 69, 
        "location": "", 
        "name": "Room", 
        "notifications": false, 
        "profile_background_color": "C0DEED", 
        "profile_background_image_url": "http://abs.twimg.com/images/themes/theme1/bg.png", 
        "profile_background_image_url_https": "https://abs.twimg.com/images/themes/theme1/bg.png", 
        "profile_background_tile": false, 
        "profile_banner_url": "https://pbs.twimg.com/profile_banners/2641563910/1452782221", 
        "profile_image_url": "http://pbs.twimg.com/profile_images/634000076852080640/FYW2bFvT_normal.jpg", 
        "profile_image_url_https": "https://pbs.twimg.com/profile_images/634000076852080640/FYW2bFvT_normal.jpg", 
        "profile_link_color": "0084B4", 
        "profile_sidebar_border_color": "C0DEED", 
        "profile_sidebar_fill_color": "DDEEF6", 
        "profile_text_color": "333333", 
        "profile_use_background_image": true, 
        "protected": false, 
        "screen_name": "RoomTheMovie", 
        "status": {
            "contributors": null, 
            "coordinates": null, 
            "created_at": "Fri Jan 29 03:47:14 +0000 2016", 
            "entities": {
                "hashtags": [
                    {
                        "indices": [
                            19, 
                            26
                        ], 
                        "text": "Oscars"
                    }, 
                    {
                        "indices": [
                            73, 
                            85
                        ], 
                        "text": "kidproblems"
                    }
                ], 
                "media": [
                    {
                        "display_url": "pic.twitter.com/yRIdJK6pvR", 
                        "expanded_url": "http://twitter.com/JacobTremblay/status/692908543964422144/photo/1", 
                        "id": 692908532354519040, 
                        "id_str": "692908532354519040", 
                        "indices": [
                            86, 
                            109
                        ], 
                        "media_url": "http://pbs.twimg.com/media/CZ20o5TUEAAjL8e.jpg", 
                        "media_url_https": "https://pbs.twimg.com/media/CZ20o5TUEAAjL8e.jpg", 
                        "sizes": {
                            "large": {
                                "h": 1024, 
                                "resize": "fit", 
                                "w": 1024
                            }, 
                            "medium": {
                                "h": 600, 
                                "resize": "fit", 
                                "w": 600
                            }, 
                            "small": {
                                "h": 340, 
                                "resize": "fit", 
                                "w": 340
                            }, 
                            "thumb": {
                                "h": 150, 
                                "resize": "crop", 
                                "w": 150
                            }
                        }, 
                        "source_status_id": 692908543964422144, 
                        "source_status_id_str": "692908543964422144", 
                        "source_user_id": 3320745074, 
                        "source_user_id_str": "3320745074", 
                        "type": "photo", 
                        "url": "https://t.co/yRIdJK6pvR"
                    }
                ], 
                "symbols": [], 
                "urls": [], 
                "user_mentions": [
                    {
                        "id": 3320745074, 
                        "id_str": "3320745074", 
                        "indices": [
                            3, 
                            17
                        ], 
                        "name": "Jacob Tremblay", 
                        "screen_name": "JacobTremblay"
                    }
                ]
            }, 
            "extended_entities": {
                "media": [
                    {
                        "display_url": "pic.twitter.com/yRIdJK6pvR", 
                        "expanded_url": "http://twitter.com/JacobTremblay/status/692908543964422144/photo/1", 
                        "id": 692908532354519040, 
                        "id_str": "692908532354519040", 
                        "indices": [
                            86, 
                            109
                        ], 
                        "media_url": "http://pbs.twimg.com/media/CZ20o5TUEAAjL8e.jpg", 
                        "media_url_https": "https://pbs.twimg.com/media/CZ20o5TUEAAjL8e.jpg", 
                        "sizes": {
                            "large": {
                                "h": 1024, 
                                "resize": "fit", 
                                "w": 1024
                            }, 
                            "medium": {
                                "h": 600, 
                                "resize": "fit", 
                                "w": 600
                            }, 
                            "small": {
                                "h": 340, 
                                "resize": "fit", 
                                "w": 340
                            }, 
                            "thumb": {
                                "h": 150, 
                                "resize": "crop", 
                                "w": 150
                            }
                        }, 
                        "source_status_id": 692908543964422144, 
                        "source_status_id_str": "692908543964422144", 
                        "source_user_id": 3320745074, 
                        "source_user_id_str": "3320745074", 
                        "type": "photo", 
                        "url": "https://t.co/yRIdJK6pvR"
                    }
                ]
            }, 
            "favorite_count": 0, 
            "favorited": false, 
            "geo": null, 
            "id": 692916888234496000, 
            "id_str": "692916888234496000", 
            "in_reply_to_screen_name": null, 
            "in_reply_to_status_id": null, 
            "in_reply_to_status_id_str": null, 
            "in_reply_to_user_id": null, 
            "in_reply_to_user_id_str": null, 
            "is_quote_status": false, 
            "lang": "en", 
            "place": null, 
            "possibly_sensitive": false, 
            "retweet_count": 396, 
            "retweeted": false, 
            "retweeted_status": {
                "contributors": null, 
                "coordinates": null, 
                "created_at": "Fri Jan 29 03:14:05 +0000 2016", 
                "entities": {
                    "hashtags": [
                        {
                            "indices": [
                                0, 
                                7
                            ], 
                            "text": "Oscars"
                        }, 
                        {
                            "indices": [
                                54, 
                                66
                            ], 
                            "text": "kidproblems"
                        }
                    ], 
                    "media": [
                        {
                            "display_url": "pic.twitter.com/yRIdJK6pvR", 
                            "expanded_url": "http://twitter.com/JacobTremblay/status/692908543964422144/photo/1", 
                            "id": 692908532354519040, 
                            "id_str": "692908532354519040", 
                            "indices": [
                                67, 
                                90
                            ], 
                            "media_url": "http://pbs.twimg.com/media/CZ20o5TUEAAjL8e.jpg", 
                            "media_url_https": "https://pbs.twimg.com/media/CZ20o5TUEAAjL8e.jpg", 
                            "sizes": {
                                "large": {
                                    "h": 1024, 
                                    "resize": "fit", 
                                    "w": 1024
                                }, 
                                "medium": {
                                    "h": 600, 
                                    "resize": "fit", 
                                    "w": 600
                                }, 
                                "small": {
                                    "h": 340, 
                                    "resize": "fit", 
                                    "w": 340
                                }, 
                                "thumb": {
                                    "h": 150, 
                                    "resize": "crop", 
                                    "w": 150
                                }
                            }, 
                            "type": "photo", 
                            "url": "https://t.co/yRIdJK6pvR"
                        }
                    ], 
                    "symbols": [], 
                    "urls": [], 
                    "user_mentions": []
                }, 
                "extended_entities": {
                    "media": [
                        {
                            "display_url": "pic.twitter.com/yRIdJK6pvR", 
                            "expanded_url": "http://twitter.com/JacobTremblay/status/692908543964422144/photo/1", 
                            "id": 692908532354519040, 
                            "id_str": "692908532354519040", 
                            "indices": [
                                67, 
                                90
                            ], 
                            "media_url": "http://pbs.twimg.com/media/CZ20o5TUEAAjL8e.jpg", 
                            "media_url_https": "https://pbs.twimg.com/media/CZ20o5TUEAAjL8e.jpg", 
                            "sizes": {
                                "large": {
                                    "h": 1024, 
                                    "resize": "fit", 
                                    "w": 1024
                                }, 
                                "medium": {
                                    "h": 600, 
                                    "resize": "fit", 
                                    "w": 600
                                }, 
                                "small": {
                                    "h": 340, 
                                    "resize": "fit", 
                                    "w": 340
                                }, 
                                "thumb": {
                                    "h": 150, 
                                    "resize": "crop", 
                                    "w": 150
                                }
                            }, 
                            "type": "photo", 
                            "url": "https://t.co/yRIdJK6pvR"
                        }
                    ]
                }, 
                "favorite_count": 774, 
                "favorited": false, 
                "geo": null, 
                "id": 692908543964422144, 
                "id_str": "692908543964422144", 
                "in_reply_to_screen_name": null, 
                "in_reply_to_status_id": null, 
                "in_reply_to_status_id_str": null, 
                "in_reply_to_user_id": null, 
                "in_reply_to_user_id_str": null, 
                "is_quote_status": false, 
                "lang": "en", 
                "place": null, 
                "possibly_sensitive": false, 
                "retweet_count": 396, 
                "retweeted": false, 
                "source": "<a href=\"http://twitter.com/download/android\" rel=\"nofollow\">Twitter for Android</a>", 
                "text": "#Oscars presenters still have to do their homework!!! #kidproblems https://t.co/yRIdJK6pvR", 
                "truncated": false
            }, 
            "source": "<a href=\"http://twitter.com/download/iphone\" rel=\"nofollow\">Twitter for iPhone</a>", 
            "text": "RT @JacobTremblay: #Oscars presenters still have to do their homework!!! #kidproblems https://t.co/yRIdJK6pvR", 
            "truncated": false
        }, 
        "statuses_count": 449, 
        "time_zone": "Pacific Time (US & Canada)", 
        "url": "http://t.co/I1iJasylMk", 
        "utc_offset": -28800, 
        "verified": true
    }
]