[
    {
        "contributors_enabled": false, 
        "created_at": "Mon Dec 15 23:33:11 +0000 2014", 
        "default_profile": false, 
        "default_profile_image": false, 
        "description": "Watch it now on Blu-ray\u2122, DVD & Digital HD. #TheMartian", 
        "entities": {
            "description": {
                "urls": []
            }, 
            "url": {
                "urls": [
                    {
                        "display_url": "bit.ly/MartianBluray", 
                        "expanded_url": "http://bit.ly/MartianBluray", 
                        "indices": [
                            0, 
                            23
                        ], 
                        "url": "https://t.co/pJu6ce67y7"
                    }
                ]
            }
        }, 
        "favourites_count": 2033, 
        "follow_request_sent": false, 
        "followers_count": 29972, 
        "following": false, 
        "friends_count": 39, 
        "geo_enabled": false, 
        "has_extended_profile": false, 
        "id": 2931648200, 
        "id_str": "2931648200", 
        "is_translation_enabled": false, 
        "is_translator": false, 
        "lang": "en", 
        "listed_count": 295, 
        "location": "", 
        "name": "The Martian Movie", 
        "notifications": false, 
        "profile_background_color": "131516", 
        "profile_background_image_url": "http://abs.twimg.com/images/themes/theme14/bg.gif", 
        "profile_background_image_url_https": "https://abs.twimg.com/images/themes/theme14/bg.gif", 
        "profile_background_tile": true, 
        "profile_banner_url": "https://pbs.twimg.com/profile_banners/2931648200/1452807611", 
        "profile_image_url": "http://pbs.twimg.com/profile_images/672083989767720960/Knu-Ym_w_normal.jpg", 
        "profile_image_url_https": "https://pbs.twimg.com/profile_images/672083989767720960/Knu-Ym_w_normal.jpg", 
        "profile_link_color": "009999", 
        "profile_sidebar_border_color": "000000", 
        "profile_sidebar_fill_color": "000000", 
        "profile_text_color": "000000", 
        "profile_use_background_image": false, 
        "protected": false, 
        "screen_name": "MartianMovie", 
        "status": {
            "contributors": null, 
            "coordinates": null, 
            "created_at": "Fri Jan 29 18:18:39 +0000 2016", 
            "entities": {
                "hashtags": [], 
                "symbols": [], 
                "urls": [], 
                "user_mentions": [
                    {
                        "id": 4806885015, 
                        "id_str": "4806885015", 
                        "indices": [
                            0, 
                            14
                        ], 
                        "name": "The Potato Project", 
                        "screen_name": "Fluffy27_Soho"
                    }, 
                    {
                        "id": 102953215, 
                        "id_str": "102953215", 
                        "indices": [
                            15, 
                            31
                        ], 
                        "name": "Sally Bee", 
                        "screen_name": "sallybeelicious"
                    }, 
                    {
                        "id": 70679409, 
                        "id_str": "70679409", 
                        "indices": [
                            32, 
                            48
                        ], 
                        "name": "Albert Bartlett", 
                        "screen_name": "Albert_Bartlett"
                    }
                ]
            }, 
            "favorite_count": 4, 
            "favorited": false, 
            "geo": null, 
            "id": 693136185284104192, 
            "id_str": "693136185284104192", 
            "in_reply_to_screen_name": "Fluffy27_Soho", 
            "in_reply_to_status_id": 693070890209263617, 
            "in_reply_to_status_id_str": "693070890209263617", 
            "in_reply_to_user_id": 4806885015, 
            "in_reply_to_user_id_str": "4806885015", 
            "is_quote_status": false, 
            "lang": "en", 
            "place": null, 
            "retweet_count": 1, 
            "retweeted": false, 
            "source": "<a href=\"http://twitter.com\" rel=\"nofollow\">Twitter Web Client</a>", 
            "text": "@Fluffy27_Soho @sallybeelicious @Albert_Bartlett Save a few for Mark!", 
            "truncated": false
        }, 
        "statuses_count": 963, 
        "time_zone": null, 
        "url": "https://t.co/pJu6ce67y7", 
        "utc_offset": null, 
        "verified": true
    }
]