[
    {
        "contributors_enabled": false, 
        "created_at": "Tue May 06 15:57:14 +0000 2014", 
        "default_profile": false, 
        "default_profile_image": false, 
        "description": "Official Twitter for #TheRevenant, starring @LeoDiCaprio, Tom Hardy, @PoulterWill, and directed by Academy Award winner Alejandro G. I\u00f1\u00e1rritu.", 
        "entities": {
            "description": {
                "urls": []
            }, 
            "url": {
                "urls": [
                    {
                        "display_url": "fox.co/Revenant_Trail\u2026", 
                        "expanded_url": "http://fox.co/Revenant_Trailer", 
                        "indices": [
                            0, 
                            22
                        ], 
                        "url": "http://t.co/1P6J2bQ1ww"
                    }
                ]
            }
        }, 
        "favourites_count": 633, 
        "follow_request_sent": false, 
        "followers_count": 27156, 
        "following": false, 
        "friends_count": 36, 
        "geo_enabled": false, 
        "has_extended_profile": false, 
        "id": 2480013506, 
        "id_str": "2480013506", 
        "is_translation_enabled": false, 
        "is_translator": false, 
        "lang": "en", 
        "listed_count": 186, 
        "location": "", 
        "name": "#TheRevenant", 
        "notifications": false, 
        "profile_background_color": "FFFFFF", 
        "profile_background_image_url": "http://abs.twimg.com/images/themes/theme1/bg.png", 
        "profile_background_image_url_https": "https://abs.twimg.com/images/themes/theme1/bg.png", 
        "profile_background_tile": false, 
        "profile_banner_url": "https://pbs.twimg.com/profile_banners/2480013506/1452790091", 
        "profile_image_url": "http://pbs.twimg.com/profile_images/661177471736287232/qKqQqqz5_normal.png", 
        "profile_image_url_https": "https://pbs.twimg.com/profile_images/661177471736287232/qKqQqqz5_normal.png", 
        "profile_link_color": "0084B4", 
        "profile_sidebar_border_color": "C0DEED", 
        "profile_sidebar_fill_color": "DDEEF6", 
        "profile_text_color": "333333", 
        "profile_use_background_image": false, 
        "protected": false, 
        "screen_name": "RevenantMovie", 
        "status": {
            "contributors": null, 
            "coordinates": null, 
            "created_at": "Sun Jan 24 17:00:11 +0000 2016", 
            "entities": {
                "hashtags": [
                    {
                        "indices": [
                            44, 
                            56
                        ], 
                        "text": "TheRevenant"
                    }
                ], 
                "symbols": [], 
                "urls": [
                    {
                        "display_url": "fox.co/RevenantTickets", 
                        "expanded_url": "http://fox.co/RevenantTickets", 
                        "indices": [
                            80, 
                            103
                        ], 
                        "url": "https://t.co/Dh1sQJjxk5"
                    }, 
                    {
                        "display_url": "amp.twimg.com/v/9327decb-8e1\u2026", 
                        "expanded_url": "https://amp.twimg.com/v/9327decb-8e1a-41fe-b3ae-550fc4607434", 
                        "indices": [
                            104, 
                            127
                        ], 
                        "url": "https://t.co/8Tf2EDRCWG"
                    }
                ], 
                "user_mentions": [
                    {
                        "id": 200163448, 
                        "id_str": "200163448", 
                        "indices": [
                            11, 
                            22
                        ], 
                        "name": "The Academy", 
                        "screen_name": "TheAcademy"
                    }, 
                    {
                        "id": 22821175, 
                        "id_str": "22821175", 
                        "indices": [
                            73, 
                            78
                        ], 
                        "name": "IMAX", 
                        "screen_name": "IMAX"
                    }
                ]
            }, 
            "favorite_count": 542, 
            "favorited": false, 
            "geo": null, 
            "id": 691304502289256448, 
            "id_str": "691304502289256448", 
            "in_reply_to_screen_name": null, 
            "in_reply_to_status_id": null, 
            "in_reply_to_status_id_str": null, 
            "in_reply_to_user_id": null, 
            "in_reply_to_user_id_str": null, 
            "is_quote_status": false, 
            "lang": "en", 
            "place": null, 
            "possibly_sensitive": false, 
            "retweet_count": 236, 
            "retweeted": false, 
            "source": "<a href=\"http://twitter.com\" rel=\"nofollow\">Twitter Web Client</a>", 
            "text": "Experience @TheAcademy Award nominated film #TheRevenant in theaters and @IMAX: https://t.co/Dh1sQJjxk5\nhttps://t.co/8Tf2EDRCWG", 
            "truncated": false
        }, 
        "statuses_count": 313, 
        "time_zone": "Arizona", 
        "url": "http://t.co/1P6J2bQ1ww", 
        "utc_offset": -25200, 
        "verified": true
    }
]