[
    {
        "contributors_enabled": false, 
        "created_at": "Wed Sep 16 22:39:25 +0000 2015", 
        "default_profile": false, 
        "default_profile_image": false, 
        "description": "From the outrageous mind of director Adam Mckay comes The Big Short. Starring Christian Bale, Steve Carell, Ryan Gosling and Brad Pitt, in theaters Christmas.", 
        "entities": {
            "description": {
                "urls": []
            }, 
            "url": {
                "urls": [
                    {
                        "display_url": "TheBigShortMovie.com", 
                        "expanded_url": "http://TheBigShortMovie.com", 
                        "indices": [
                            0, 
                            22
                        ], 
                        "url": "http://t.co/7toUoHMBmr"
                    }
                ]
            }
        }, 
        "favourites_count": 131, 
        "follow_request_sent": false, 
        "followers_count": 54629, 
        "following": false, 
        "friends_count": 193, 
        "geo_enabled": false, 
        "has_extended_profile": false, 
        "id": 3587374754, 
        "id_str": "3587374754", 
        "is_translation_enabled": false, 
        "is_translator": false, 
        "lang": "en", 
        "listed_count": 106, 
        "location": "", 
        "name": "The Big Short Movie", 
        "notifications": false, 
        "profile_background_color": "EEEEEE", 
        "profile_background_image_url": "http://abs.twimg.com/images/themes/theme1/bg.png", 
        "profile_background_image_url_https": "https://abs.twimg.com/images/themes/theme1/bg.png", 
        "profile_background_tile": false, 
        "profile_banner_url": "https://pbs.twimg.com/profile_banners/3587374754/1448052499", 
        "profile_image_url": "http://pbs.twimg.com/profile_images/667808220384116736/Cl4UTSZC_normal.png", 
        "profile_image_url_https": "https://pbs.twimg.com/profile_images/667808220384116736/Cl4UTSZC_normal.png", 
        "profile_link_color": "0084B4", 
        "profile_sidebar_border_color": "000000", 
        "profile_sidebar_fill_color": "000000", 
        "profile_text_color": "000000", 
        "profile_use_background_image": false, 
        "protected": false, 
        "screen_name": "thebigshort", 
        "status": {
            "contributors": null, 
            "coordinates": null, 
            "created_at": "Thu Jan 28 16:35:22 +0000 2016", 
            "entities": {
                "hashtags": [], 
                "symbols": [], 
                "urls": [], 
                "user_mentions": [
                    {
                        "id": 37982492, 
                        "id_str": "37982492", 
                        "indices": [
                            3, 
                            16
                        ], 
                        "name": "Adam McKay", 
                        "screen_name": "GhostPanther"
                    }
                ]
            }, 
            "favorite_count": 0, 
            "favorited": false, 
            "geo": null, 
            "id": 692747806851866625, 
            "id_str": "692747806851866625", 
            "in_reply_to_screen_name": null, 
            "in_reply_to_status_id": null, 
            "in_reply_to_status_id_str": null, 
            "in_reply_to_user_id": null, 
            "in_reply_to_user_id_str": null, 
            "is_quote_status": false, 
            "lang": "en", 
            "place": null, 
            "retweet_count": 206, 
            "retweeted": false, 
            "retweeted_status": {
                "contributors": null, 
                "coordinates": null, 
                "created_at": "Wed Jan 27 22:08:52 +0000 2016", 
                "entities": {
                    "hashtags": [], 
                    "symbols": [], 
                    "urls": [], 
                    "user_mentions": []
                }, 
                "favorite_count": 680, 
                "favorited": false, 
                "geo": null, 
                "id": 692469347781099520, 
                "id_str": "692469347781099520", 
                "in_reply_to_screen_name": null, 
                "in_reply_to_status_id": null, 
                "in_reply_to_status_id_str": null, 
                "in_reply_to_user_id": null, 
                "in_reply_to_user_id_str": null, 
                "is_quote_status": false, 
                "lang": "en", 
                "place": null, 
                "retweet_count": 206, 
                "retweeted": false, 
                "source": "<a href=\"http://twitter.com/download/iphone\" rel=\"nofollow\">Twitter for iPhone</a>", 
                "text": "Just met with Sen. Elizabeth Warren about The Big Short. She isn't messing around when it comes to bank reform. (Plus she dug the movie)", 
                "truncated": false
            }, 
            "source": "<a href=\"http://twitter.com\" rel=\"nofollow\">Twitter Web Client</a>", 
            "text": "RT @GhostPanther: Just met with Sen. Elizabeth Warren about The Big Short. She isn't messing around when it comes to bank reform. (Plus she\u2026", 
            "truncated": false
        }, 
        "statuses_count": 254, 
        "time_zone": null, 
        "url": "http://t.co/7toUoHMBmr", 
        "utc_offset": null, 
        "verified": true
    }
]