[
    {
        "contributors_enabled": false, 
        "created_at": "Wed Nov 19 18:19:56 +0000 2014", 
        "default_profile": true, 
        "default_profile_image": false, 
        "description": "#SpotlightMovie is now playing in a theater near you.", 
        "entities": {
            "description": {
                "urls": []
            }, 
            "url": {
                "urls": [
                    {
                        "display_url": "SpotlightMovieTheaters.com", 
                        "expanded_url": "http://www.SpotlightMovieTheaters.com", 
                        "indices": [
                            0, 
                            23
                        ], 
                        "url": "https://t.co/g8G43hWubt"
                    }
                ]
            }
        }, 
        "favourites_count": 1618, 
        "follow_request_sent": false, 
        "followers_count": 6462, 
        "following": false, 
        "friends_count": 150, 
        "geo_enabled": false, 
        "has_extended_profile": false, 
        "id": 2884545496, 
        "id_str": "2884545496", 
        "is_translation_enabled": false, 
        "is_translator": false, 
        "lang": "en", 
        "listed_count": 72, 
        "location": "", 
        "name": "SPOTLIGHT Movie", 
        "notifications": false, 
        "profile_background_color": "C0DEED", 
        "profile_background_image_url": "http://abs.twimg.com/images/themes/theme1/bg.png", 
        "profile_background_image_url_https": "https://abs.twimg.com/images/themes/theme1/bg.png", 
        "profile_background_tile": false, 
        "profile_banner_url": "https://pbs.twimg.com/profile_banners/2884545496/1452796547", 
        "profile_image_url": "http://pbs.twimg.com/profile_images/634484826368638976/bwk51aBW_normal.png", 
        "profile_image_url_https": "https://pbs.twimg.com/profile_images/634484826368638976/bwk51aBW_normal.png", 
        "profile_link_color": "0084B4", 
        "profile_sidebar_border_color": "C0DEED", 
        "profile_sidebar_fill_color": "DDEEF6", 
        "profile_text_color": "333333", 
        "profile_use_background_image": true, 
        "protected": false, 
        "screen_name": "SpotlightMovie", 
        "status": {
            "contributors": null, 
            "coordinates": null, 
            "created_at": "Sat Jan 30 23:46:08 +0000 2016", 
            "entities": {
                "hashtags": [], 
                "symbols": [], 
                "urls": [], 
                "user_mentions": [
                    {
                        "id": 457554412, 
                        "id_str": "457554412", 
                        "indices": [
                            3, 
                            17
                        ], 
                        "name": "Sam Smith", 
                        "screen_name": "samsmithworld"
                    }
                ]
            }, 
            "favorite_count": 0, 
            "favorited": false, 
            "geo": null, 
            "id": 693580989075841025, 
            "id_str": "693580989075841025", 
            "in_reply_to_screen_name": null, 
            "in_reply_to_status_id": null, 
            "in_reply_to_status_id_str": null, 
            "in_reply_to_user_id": null, 
            "in_reply_to_user_id_str": null, 
            "is_quote_status": false, 
            "lang": "en", 
            "place": null, 
            "retweet_count": 519, 
            "retweeted": false, 
            "retweeted_status": {
                "contributors": null, 
                "coordinates": null, 
                "created_at": "Sat Jan 30 20:35:18 +0000 2016", 
                "entities": {
                    "hashtags": [], 
                    "symbols": [], 
                    "urls": [], 
                    "user_mentions": []
                }, 
                "favorite_count": 2052, 
                "favorited": false, 
                "geo": null, 
                "id": 693532964177776640, 
                "id_str": "693532964177776640", 
                "in_reply_to_screen_name": null, 
                "in_reply_to_status_id": null, 
                "in_reply_to_status_id_str": null, 
                "in_reply_to_user_id": null, 
                "in_reply_to_user_id_str": null, 
                "is_quote_status": false, 
                "lang": "en", 
                "place": null, 
                "retweet_count": 519, 
                "retweeted": false, 
                "source": "<a href=\"http://twitter.com/download/iphone\" rel=\"nofollow\">Twitter for iPhone</a>", 
                "text": "Just saw 'Spotlight' I can not express enough how important it is for you all to see it. Powerful", 
                "truncated": false
            }, 
            "source": "<a href=\"http://twitter.com/download/android\" rel=\"nofollow\">Twitter for Android</a>", 
            "text": "RT @samsmithworld: Just saw 'Spotlight' I can not express enough how important it is for you all to see it. Powerful", 
            "truncated": false
        }, 
        "statuses_count": 1213, 
        "time_zone": "Pacific Time (US & Canada)", 
        "url": "https://t.co/g8G43hWubt", 
        "utc_offset": -28800, 
        "verified": true
    }
]